17:30:43.270,20.50,37.00,975.60,3.84,6.33,9.33
17:30:43.404,20.50,37.00,975.50,4.78,6.16,10.96
17:30:43.537,20.50,37.00,975.63,5.86,6.33,9.27
17:30:43.670,20.50,37.00,975.66,5.70,6.30,9.27
17:30:43.836,20.50,37.00,975.69,5.97,6.21,9.54
17:30:43.969,20.50,37.00,975.55,6.02,6.30,8.91
17:30:44.102,20.50,37.00,975.63,5.88,6.04,9.22
17:30:44.235,20.50,37.00,975.60,4.65,6.21,9.01
17:30:44.368,20.50,37.00,975.55,5.95,6.19,9.01
17:30:44.501,20.50,37.00,975.50,5.88,6.04,8.91
17:30:44.667,20.50,37.00,975.44,5.68,6.04,8.70
17:30:44.800,20.50,37.00,975.44,5.70,6.10,8.80
17:30:44.933,20.50,37.00,975.46,5.81,6.07,8.85
17:30:45.066,20.50,37.00,975.51,5.75,6.61,8.75
17:30:45.199,20.50,37.00,975.50,4.24,6.07,8.65
17:30:45.365,20.40,40.00,975.47,5.68,6.01,8.75
17:30:45.498,20.40,40.00,975.66,5.75,4.32,8.70
17:30:45.631,20.40,40.00,975.58,5.75,6.10,8.75
17:30:45.797,20.40,40.00,975.54,5.93,6.36,8.75
17:30:45.930,20.40,40.00,975.58,5.70,6.04,8.75
17:30:46.064,20.40,40.00,975.52,5.75,5.98,8.70
17:30:46.197,20.40,40.00,975.54,5.50,5.98,8.65
17:30:46.330,20.40,40.00,975.57,5.79,5.36,11.02
17:30:46.463,20.40,40.00,975.59,5.72,6.01,8.65
17:30:46.629,20.40,40.00,975.49,5.70,6.16,7.91
17:30:46.763,20.40,40.00,975.52,4.78,5.98,8.70
17:30:46.895,20.40,40.00,975.48,5.81,6.01,8.55
17:30:47.027,20.40,40.00,975.56,6.18,5.92,8.65
17:30:47.160,20.40,40.00,975.63,5.59,5.98,8.65
17:30:47.325,20.40,40.00,975.62,5.70,5.98,8.50
17:30:47.458,20.40,36.00,975.53,5.75,6.01,8.70
17:30:47.623,20.40,36.00,975.60,5.26,5.89,8.75
17:30:47.755,20.40,36.00,975.62,3.98,5.81,8.70
17:30:47.888,20.40,36.00,975.68,5.59,5.98,8.70
17:30:48.021,20.40,36.00,975.51,5.72,6.10,8.55
17:30:48.188,20.40,36.00,975.54,5.72,6.01,8.85
17:30:48.321,20.40,36.00,975.61,5.59,6.01,9.17
17:30:48.454,20.40,36.00,975.63,5.50,5.92,8.70
17:30:48.587,20.40,36.00,975.62,5.70,5.98,9.54
17:30:48.721,20.40,36.00,975.56,5.63,5.98,8.70
17:30:48.887,20.40,36.00,975.57,5.68,5.98,8.65
17:30:49.021,20.40,36.00,975.62,5.68,5.92,8.15
17:30:49.154,20.40,36.00,975.49,5.75,5.95,8.60
17:30:49.321,20.40,36.00,975.60,5.30,5.98,8.65
17:30:49.487,20.40,36.00,975.61,5.61,5.95,8.75
17:30:49.621,20.40,36.00,975.73,5.61,5.53,8.80
17:30:49.787,20.40,36.00,975.62,5.63,5.45,8.75
17:30:49.921,20.40,36.00,976.37,5.59,6.01,8.50
17:30:50.054,20.40,36.00,975.58,5.75,6.21,8.70
17:30:50.187,20.40,36.00,975.59,5.70,5.98,7.68
17:30:50.320,20.40,36.00,975.63,6.21,5.98,8.65
17:30:50.486,20.40,36.00,975.54,5.75,5.61,8.80
17:30:50.620,20.40,36.00,975.63,5.77,5.81,8.65
17:30:50.753,20.40,36.00,975.51,5.52,6.01,8.65
17:30:50.886,20.40,36.00,975.64,3.97,5.98,8.70
17:30:51.019,20.40,36.00,975.64,5.68,5.98,8.65
17:30:51.152,20.40,36.00,975.58,5.68,6.95,8.70
17:30:51.318,20.40,36.00,975.61,5.66,5.98,8.75
17:30:51.451,20.40,36.00,975.60,5.75,6.24,8.40
17:30:51.617,20.40,36.00,975.58,5.72,6.13,8.65
17:30:51.750,20.40,36.00,975.64,5.50,5.95,8.91
17:30:51.883,20.40,36.00,975.67,5.61,5.98,8.65
17:30:52.017,20.40,36.00,975.54,5.72,6.10,8.91
17:30:52.150,20.40,36.00,975.46,5.77,6.01,9.01
17:30:52.282,20.40,36.00,975.54,5.90,6.04,8.70
17:30:52.449,20.40,36.00,975.64,5.52,6.01,8.70
17:30:52.582,20.40,36.00,975.53,6.09,6.01,8.80
17:30:52.715,20.40,36.00,975.48,6.28,5.98,8.75
17:30:52.848,20.40,36.00,975.45,6.04,6.16,8.70
17:30:52.981,20.40,36.00,975.55,6.02,6.04,8.65
17:30:53.147,20.40,36.00,975.43,6.02,5.61,8.80
17:30:53.280,20.40,36.00,975.53,5.77,5.98,8.65
17:30:53.413,20.40,36.00,975.56,6.00,5.42,8.75
17:30:53.546,20.40,36.00,975.52,5.86,6.04,9.98
17:30:53.712,20.50,36.00,975.59,5.95,6.01,8.75
17:30:53.879,20.50,36.00,975.61,6.14,6.07,8.75
17:30:54.012,20.50,36.00,975.63,6.16,6.01,8.80
17:30:54.145,20.50,36.00,975.58,6.11,5.47,8.96
17:30:54.278,20.50,36.00,975.68,6.07,6.10,9.06
17:30:54.412,20.50,36.00,975.63,6.07,6.01,8.96
17:30:54.578,20.50,36.00,975.54,6.00,6.07,8.55
17:30:54.711,20.50,36.00,975.55,6.09,6.07,9.81
17:30:54.845,20.50,36.00,976.33,6.07,5.89,8.85
17:30:54.978,20.50,36.00,975.56,6.16,6.04,8.75
17:30:55.111,20.50,36.00,975.49,6.07,6.13,8.91
17:30:55.278,20.50,36.00,975.51,5.57,6.04,9.06
17:30:55.411,20.50,36.00,975.56,6.04,6.27,8.80
17:30:55.544,20.50,36.00,975.55,6.09,6.13,8.80
17:30:55.677,20.50,36.00,975.50,6.07,6.07,8.85
17:30:55.843,20.40,36.00,975.47,6.02,6.13,8.75
17:30:56.009,20.40,36.00,975.57,6.18,6.10,9.06
17:30:56.143,20.40,36.00,975.64,6.28,6.07,8.96
17:30:56.276,20.40,36.00,975.60,6.33,6.13,9.11
17:30:56.409,20.40,36.00,975.59,6.14,6.16,8.85
17:30:56.575,20.40,36.00,975.48,6.18,6.16,8.70
17:30:56.709,20.40,36.00,975.61,6.18,6.98,9.06
17:30:56.842,20.40,36.00,975.66,6.21,6.61,9.01
17:30:56.975,20.40,36.00,975.60,6.16,6.19,9.01
17:30:57.108,20.40,36.00,975.59,6.14,6.07,9.01
17:30:57.274,20.40,36.00,975.64,6.26,6.27,8.96
17:30:57.407,20.40,36.00,975.51,6.09,6.24,8.91
17:30:57.541,20.40,36.00,975.67,6.18,6.16,8.80
17:30:57.674,20.40,36.00,975.54,5.86,6.19,8.80
17:30:57.807,20.40,36.00,976.14,5.63,6.21,8.85
17:30:57.973,20.50,36.00,975.52,6.47,7.08,9.22
17:30:58.140,20.50,36.00,975.57,6.02,6.16,9.01
17:30:58.273,20.50,36.00,975.56,6.02,6.10,8.85
17:30:58.406,20.50,36.00,975.58,6.37,6.58,10.61
17:30:58.539,20.50,36.00,975.64,6.28,6.13,9.17
17:30:58.705,20.50,36.00,975.70,5.79,7.97,8.96
17:30:58.839,20.50,36.00,975.60,6.23,6.30,9.11
17:30:58.972,20.50,36.00,975.57,6.04,6.24,9.59
17:30:59.105,20.50,36.00,975.61,6.33,6.16,9.06
17:30:59.270,20.50,36.00,975.45,5.93,6.27,9.17
17:30:59.404,20.50,36.00,975.54,5.63,5.98,9.27
17:30:59.537,20.50,36.00,975.43,5.95,5.61,9.17
17:30:59.670,20.50,36.00,975.62,6.23,6.24,9.11
17:30:59.837,20.50,36.00,975.60,5.95,6.70,9.17
17:31:00.003,20.50,36.00,975.68,6.28,6.07,9.65
17:31:00.136,20.50,36.00,975.62,6.18,6.27,9.87
17:31:00.269,20.50,36.00,975.57,5.95,6.30,9.54
17:31:00.402,20.50,36.00,975.56,6.21,6.30,9.11
17:31:00.568,20.50,36.00,975.60,6.28,6.33,8.96
17:31:00.701,20.50,36.00,975.62,5.97,6.27,9.33
17:31:00.834,20.50,36.00,975.62,5.77,6.39,9.06
17:31:00.967,20.50,36.00,975.61,6.35,6.30,9.22
17:31:01.133,20.50,36.00,975.75,6.28,6.45,9.17
17:31:01.266,20.50,36.00,975.65,6.04,6.01,9.01
17:31:01.400,20.50,36.00,975.63,4.30,6.21,9.06
17:31:01.533,20.50,36.00,975.56,6.23,6.67,9.11
17:31:01.665,20.50,36.00,975.70,5.90,6.24,9.33
17:31:01.832,20.50,36.00,975.61,5.95,6.24,9.27
17:31:01.965,20.50,36.00,975.69,6.23,6.01,9.54
17:31:02.131,20.50,36.00,975.57,5.88,6.61,9.59
17:31:02.265,20.50,36.00,975.58,6.35,6.42,9.11
17:31:02.398,20.50,36.00,975.62,6.40,6.39,9.49
17:31:02.565,20.50,36.00,975.57,6.30,6.30,9.54
17:31:02.698,20.50,36.00,975.71,6.02,6.27,9.17
17:31:02.831,20.50,36.00,976.10,6.02,6.55,9.92
17:31:02.964,20.50,36.00,975.61,4.74,6.21,9.33
17:31:03.097,20.50,36.00,975.64,6.18,6.24,9.81
17:31:03.263,20.50,36.00,975.57,6.02,6.92,9.01
17:31:03.396,20.50,36.00,975.54,6.42,6.30,9.27
17:31:03.529,20.50,36.00,975.67,6.50,6.30,9.38
17:31:03.662,20.50,36.00,976.26,6.33,6.39,9.43
17:31:03.795,20.50,36.00,975.61,6.40,6.42,9.33
17:31:03.962,20.50,36.00,975.57,6.45,6.36,9.38
17:31:04.095,20.50,36.00,975.54,6.30,6.27,9.27
17:31:04.262,21.50,37.00,975.54,6.26,6.30,9.81
17:31:04.395,21.50,37.00,975.54,6.35,6.42,8.55
17:31:04.528,21.50,37.00,975.62,4.76,6.52,9.49
17:31:04.694,21.50,37.00,975.63,6.18,6.45,9.38
17:31:04.827,21.50,37.00,975.75,6.40,6.24,8.50
17:31:04.960,21.50,37.00,975.62,6.40,6.30,9.38
17:31:05.093,21.50,37.00,975.50,6.04,6.24,10.04
17:31:05.260,21.50,37.00,975.67,5.18,6.55,9.59
17:31:05.393,21.50,37.00,975.53,5.13,6.36,9.87
17:31:05.526,21.50,37.00,975.52,6.35,6.52,9.33
17:31:05.659,21.50,37.00,975.52,6.52,6.55,6.23
17:31:05.793,21.50,37.00,975.61,6.50,6.55,10.04
17:31:05.959,21.50,37.00,975.58,6.14,6.36,9.87
17:31:06.092,21.50,37.00,975.51,6.42,6.55,9.54
17:31:06.225,21.50,37.00,975.55,5.75,6.36,9.65
17:31:06.392,20.50,36.00,975.46,6.35,5.53,9.43
17:31:06.525,20.50,36.00,975.67,6.40,6.82,9.54
17:31:06.691,20.50,36.00,976.28,6.45,6.52,10.04
17:31:06.825,20.50,36.00,975.57,6.35,6.52,9.65
17:31:06.957,20.50,36.00,975.57,4.30,6.42,9.65
17:31:07.091,20.50,36.00,975.56,6.50,6.58,9.81
17:31:07.224,20.50,36.00,975.54,6.42,6.48,9.54
17:31:07.390,20.50,36.00,975.58,5.97,6.67,9.76
17:31:07.523,20.50,36.00,975.64,6.09,6.58,9.65
17:31:07.656,20.50,36.00,975.54,6.16,6.42,9.76
17:31:07.790,20.50,36.00,975.57,4.83,6.55,9.76
17:31:07.923,20.50,36.00,975.49,6.40,6.45,9.49
17:31:08.089,20.50,36.00,975.42,6.37,6.45,11.02
17:31:08.222,20.50,36.00,975.63,6.02,6.55,9.33
17:31:08.355,20.50,36.00,975.54,6.35,6.61,9.65
17:31:08.522,20.60,36.00,975.60,6.28,6.70,9.65
17:31:08.655,20.60,36.00,975.58,6.14,6.67,9.59
17:31:08.821,20.60,36.00,975.59,6.18,6.55,9.65
17:31:08.954,20.60,36.00,975.66,6.18,6.64,9.81
17:31:09.087,20.60,36.00,975.73,6.04,6.42,9.87
17:31:09.220,20.60,36.00,975.69,6.16,6.52,9.70
17:31:09.353,20.60,36.00,975.58,4.74,6.52,10.15
17:31:09.520,20.60,36.00,975.54,5.88,6.61,9.38
17:31:09.653,20.60,36.00,975.92,6.14,6.64,9.81
17:31:09.786,20.60,36.00,975.61,6.02,6.58,8.96
17:31:09.919,20.60,36.00,975.54,6.14,4.91,9.33
17:31:10.086,20.60,36.00,975.59,4.72,6.55,9.33
17:31:10.219,20.60,36.00,975.65,4.72,6.55,9.81
17:31:10.353,20.60,36.00,975.64,6.26,6.61,6.44
17:31:10.486,20.60,36.00,975.65,6.16,6.42,9.43
17:31:10.653,21.60,37.00,975.63,6.64,6.07,9.70
17:31:10.819,21.60,37.00,976.16,6.33,6.36,9.54
17:31:10.952,21.60,37.00,975.60,6.18,6.67,10.04
17:31:11.085,21.60,37.00,975.58,6.14,6.82,9.65
17:31:11.218,21.60,37.00,975.63,6.28,6.52,9.49
17:31:11.384,21.60,37.00,975.53,6.16,6.30,9.76
17:31:11.517,21.60,37.00,975.52,6.11,6.73,10.38
17:31:11.650,21.60,37.00,976.28,6.16,6.67,9.98
17:31:11.783,21.60,37.00,975.66,6.23,6.61,10.20
17:31:11.950,21.60,37.00,975.56,6.14,6.55,9.38
17:31:12.083,21.60,37.00,975.53,6.09,6.64,9.92
17:31:12.216,21.60,37.00,975.53,6.23,6.52,9.76
17:31:12.349,21.60,37.00,975.54,6.16,6.70,9.33
17:31:12.482,21.60,37.00,975.50,6.28,6.67,9.70
17:31:12.649,21.60,37.00,975.45,6.21,6.55,9.70
17:31:12.816,20.60,36.00,975.59,6.16,6.52,9.81
17:31:12.949,20.60,36.00,975.70,6.04,6.67,9.87
17:31:13.082,20.60,36.00,975.71,6.26,6.70,9.76
17:31:13.215,20.60,36.00,975.60,6.11,6.70,9.49
17:31:13.382,20.60,36.00,975.62,5.66,6.79,9.81
17:31:13.515,20.60,36.00,975.70,6.21,6.58,9.76
17:31:13.648,20.60,36.00,975.50,6.26,6.86,9.92
17:31:13.781,20.60,36.00,975.54,6.18,6.67,9.76
17:31:13.915,20.60,36.00,975.56,6.16,6.70,9.59
17:31:14.081,20.60,36.00,975.49,6.23,6.73,10.43
17:31:14.215,20.60,36.00,975.48,6.33,6.73,10.15
17:31:14.348,20.60,36.00,975.62,6.16,6.86,9.92
17:31:14.481,20.60,36.00,975.43,6.21,6.61,9.87
17:31:14.648,20.60,36.00,976.18,6.26,6.64,9.98
17:31:14.781,20.60,36.00,975.58,6.11,6.61,9.70
17:31:14.947,20.60,36.00,975.55,5.86,6.64,9.92
17:31:15.080,20.60,36.00,975.67,5.95,6.67,9.49
17:31:15.213,20.60,36.00,975.64,6.23,6.73,9.11
17:31:15.346,20.60,36.00,975.63,6.23,6.79,10.20
17:31:15.513,20.60,36.00,975.58,6.26,6.64,9.87
17:31:15.646,20.60,36.00,975.54,5.84,6.89,10.15
17:31:15.779,20.60,36.00,975.62,6.28,6.70,9.92
17:31:15.913,20.60,36.00,975.69,6.14,6.73,9.81
17:31:16.079,20.60,36.00,975.52,5.93,6.67,9.92
17:31:16.212,20.60,36.00,975.46,6.11,6.58,9.98
17:31:16.345,20.60,36.00,975.58,6.16,6.73,9.92
17:31:16.477,20.60,36.00,975.63,6.28,6.73,12.32
17:31:16.610,20.60,36.00,975.56,5.97,6.45,9.49
17:31:16.777,20.60,36.00,975.66,6.16,6.64,10.26
17:31:16.910,20.60,36.00,975.61,6.28,6.82,9.81
17:31:17.077,20.60,36.00,975.66,6.14,6.67,9.81
17:31:17.210,20.60,36.00,975.66,6.30,6.86,10.26
17:31:17.343,20.60,36.00,975.57,6.23,6.89,9.98
17:31:17.509,20.60,36.00,975.61,6.16,6.73,9.98
17:31:17.642,20.60,36.00,976.32,6.37,6.89,9.76
17:31:17.775,20.60,36.00,975.54,6.33,6.73,10.09
17:31:17.909,20.60,36.00,975.65,6.21,6.70,10.04
17:31:18.075,20.60,36.00,975.68,6.33,6.76,9.92
17:31:18.209,20.60,36.00,975.64,6.33,6.86,10.38
17:31:18.342,20.60,36.00,975.61,6.28,6.70,9.76
17:31:18.475,20.60,36.00,976.32,5.95,5.87,10.20
17:31:18.642,20.60,36.00,975.48,6.30,6.42,10.09
17:31:18.775,20.60,36.00,975.49,6.18,4.89,9.92
17:31:18.908,20.60,36.00,975.53,6.21,6.04,10.15
17:31:19.041,20.60,36.00,975.62,6.23,6.70,9.92
17:31:19.207,20.60,36.00,975.49,5.63,6.67,9.92
17:31:19.340,20.60,36.00,975.70,6.07,6.79,10.15
17:31:19.506,20.60,36.00,975.68,6.21,5.50,10.20
17:31:19.639,20.60,36.00,975.62,6.26,6.73,10.49
17:31:19.772,20.60,36.00,975.76,6.23,6.61,9.98
17:31:19.905,20.60,36.00,975.64,6.84,6.86,10.26
17:31:20.071,20.60,36.00,975.52,6.21,6.70,10.26
17:31:20.205,20.60,36.00,975.57,6.11,6.70,10.15
17:31:20.338,20.60,36.00,975.56,6.21,6.61,9.76
17:31:20.471,20.60,36.00,975.50,6.21,6.67,9.98
17:31:20.604,20.60,36.00,975.59,6.21,6.89,10.15
17:31:20.737,20.60,36.00,975.58,6.00,6.89,10.09
17:31:20.904,20.60,36.00,975.62,6.30,6.70,10.09
17:31:21.037,20.60,36.00,975.59,6.21,7.30,10.09
17:31:21.170,20.60,36.00,975.39,6.33,6.70,9.33
17:31:21.337,20.50,36.00,975.52,6.21,7.43,8.70
17:31:21.470,20.50,36.00,975.67,6.21,7.17,10.20
17:31:21.603,20.50,36.00,975.52,6.07,6.64,10.38
17:31:21.769,20.50,36.00,975.58,6.26,6.73,9.98
17:31:21.903,20.50,36.00,975.68,6.26,5.98,10.55
17:31:22.036,20.50,36.00,975.62,6.33,6.82,10.15
17:31:22.169,20.50,36.00,975.52,6.26,6.86,9.92
17:31:22.336,20.50,36.00,975.55,6.02,6.95,10.20
17:31:22.469,20.50,36.00,975.52,6.30,6.76,10.20
17:31:22.602,20.50,36.00,975.60,6.23,7.08,9.92
17:31:22.768,20.50,36.00,975.47,6.33,6.92,10.32
17:31:22.902,20.50,36.00,975.52,6.40,7.47,10.49
17:31:23.035,20.50,36.00,975.54,6.37,6.95,10.26
17:31:23.168,20.50,36.00,975.44,6.47,6.89,10.26
17:31:23.334,20.60,36.00,975.38,6.23,6.95,10.26
17:31:23.501,20.60,36.00,975.63,6.30,6.95,10.55
17:31:23.634,20.60,36.00,975.52,6.37,6.98,10.66
17:31:23.767,20.60,36.00,975.55,6.72,7.11,10.66
17:31:23.900,20.60,36.00,975.57,6.40,6.98,10.61
17:31:24.067,20.60,36.00,975.44,6.50,7.11,10.78
17:31:24.200,20.60,36.00,975.51,6.54,7.05,10.66
17:31:24.333,20.60,36.00,975.58,6.62,7.11,10.61
17:31:24.466,20.60,36.00,975.46,6.62,7.37,10.66
17:31:24.632,20.60,36.00,975.39,6.62,7.01,10.90
17:31:24.765,20.60,36.00,975.42,6.67,7.24,10.96
17:31:24.898,20.60,36.00,975.36,6.69,7.14,11.32
17:31:25.031,20.60,36.00,975.45,6.69,7.30,11.02
17:31:25.203,20.60,36.00,975.31,6.42,7.53,10.72
17:31:25.370,20.70,45.00,975.34,6.62,7.70,10.78
17:31:25.503,20.70,45.00,975.44,6.40,7.21,11.08
17:31:25.636,20.70,45.00,975.97,5.75,7.43,10.96
17:31:25.769,20.70,45.00,975.34,6.69,7.30,9.87
17:31:25.902,20.70,45.00,975.46,6.23,7.43,10.78
17:31:26.069,20.70,45.00,975.49,6.67,7.21,10.84
17:31:26.202,20.70,45.00,975.38,6.82,7.53,11.32
17:31:26.335,20.70,45.00,975.37,6.69,7.60,11.38
17:31:26.468,20.70,45.00,976.17,6.64,7.60,11.08
17:31:26.634,20.70,45.00,975.34,6.74,7.34,11.62
17:31:26.768,20.70,45.00,975.42,6.42,7.53,9.92
17:31:26.901,20.70,45.00,975.39,6.47,7.57,11.26
17:31:27.067,20.70,45.00,975.42,6.42,7.37,11.02
17:31:27.201,20.70,45.00,975.37,6.33,7.37,10.84
17:31:27.367,20.80,53.00,975.54,6.94,7.70,11.14
17:31:27.500,20.80,53.00,975.46,6.82,7.63,11.38
17:31:27.634,20.80,53.00,975.53,6.84,7.30,11.08
17:31:27.800,20.80,53.00,975.58,6.87,7.60,11.56
17:31:27.934,20.80,53.00,975.51,6.84,7.43,11.56
17:31:28.067,20.80,53.00,975.50,6.26,6.42,11.32
17:31:28.200,20.80,53.00,975.43,5.03,7.43,11.02
17:31:28.367,20.80,53.00,975.40,6.77,7.47,11.44
17:31:28.500,20.80,53.00,975.50,6.79,7.60,11.08
17:31:28.633,20.80,53.00,975.38,6.72,7.60,11.26
17:31:28.766,20.80,53.00,975.39,7.05,7.50,11.62
17:31:28.933,20.80,53.00,975.38,5.33,7.43,11.20
17:31:29.065,20.80,53.00,975.47,5.05,7.43,11.50
17:31:29.199,20.80,53.00,975.49,6.64,7.77,11.14
17:31:29.365,20.80,54.00,975.49,6.74,7.63,11.44
17:31:29.499,20.80,54.00,976.26,6.67,7.43,11.08
17:31:29.665,20.80,54.00,975.44,6.77,7.53,11.26
17:31:29.798,20.80,54.00,975.56,5.75,7.30,11.50
17:31:29.931,20.80,54.00,975.54,6.50,7.34,11.69
17:31:30.064,20.80,54.00,975.52,6.77,7.34,11.08
17:31:30.197,20.80,54.00,975.62,6.87,7.47,11.69
17:31:30.330,20.80,54.00,975.40,6.89,7.57,11.44
17:31:30.496,20.80,54.00,975.45,6.99,7.63,11.87
17:31:30.629,20.80,54.00,975.62,6.79,7.43,11.44
17:31:30.762,20.80,54.00,975.59,6.89,7.37,11.20
17:31:30.896,20.80,54.00,975.43,6.74,7.84,11.26
17:31:31.029,20.80,54.00,975.50,6.59,7.47,11.14
17:31:31.195,20.80,54.00,975.46,6.82,7.40,11.26
17:31:31.328,20.80,54.00,975.51,6.79,7.37,11.69
17:31:31.494,20.80,52.00,975.36,6.92,7.47,11.26
17:31:31.627,20.80,52.00,975.58,6.84,7.34,11.44
17:31:31.760,20.80,52.00,975.63,6.69,7.47,11.50
17:31:31.893,20.80,52.00,975.44,6.62,7.43,11.32
17:31:32.027,20.80,52.00,975.48,6.79,7.34,11.50
17:31:32.160,20.80,52.00,975.56,6.47,7.43,10.96
17:31:32.293,20.80,52.00,975.49,6.92,7.47,11.32
17:31:32.460,20.80,52.00,975.49,6.52,7.47,11.44
17:31:32.593,20.80,52.00,975.47,6.84,7.47,11.32
17:31:32.726,20.80,52.00,975.36,6.72,6.24,11.26
17:31:32.859,20.80,52.00,975.48,6.67,7.40,11.20
17:31:33.026,20.80,52.00,975.48,6.54,7.43,11.20
17:31:33.159,20.80,52.00,975.51,6.89,7.57,11.20
17:31:33.292,20.80,52.00,975.57,6.77,7.30,11.20
17:31:33.425,20.80,52.00,975.61,7.17,7.34,11.38
17:31:33.725,19.90,51.00,975.62,7.07,7.40,11.20
17:31:33.858,19.90,51.00,975.57,7.07,5.31,11.44
17:31:33.992,19.90,51.00,975.53,7.17,7.57,11.32
17:31:34.125,19.90,51.00,975.56,7.25,7.60,11.62
17:31:34.258,19.90,51.00,975.48,6.23,7.97,11.81
17:31:34.391,19.90,51.00,975.49,7.23,7.63,11.50
17:31:34.558,19.90,51.00,975.43,7.28,7.80,11.75
17:31:34.691,19.90,51.00,975.51,7.36,7.57,11.50
17:31:34.824,19.90,51.00,975.42,7.23,7.73,11.69
17:31:34.957,19.90,51.00,975.45,7.17,7.50,10.66
17:31:35.123,19.90,51.00,975.53,7.15,8.50,11.38
17:31:35.256,19.90,51.00,975.60,7.23,7.70,11.75
17:31:35.389,19.90,51.00,975.54,7.10,7.50,11.75
17:31:35.522,19.90,51.00,975.63,7.25,7.63,11.87
17:31:35.656,19.90,51.00,975.55,7.05,7.73,12.45
17:31:35.822,20.90,50.00,975.54,7.28,7.43,11.56
17:31:35.988,20.90,50.00,975.57,7.07,7.77,11.50
17:31:36.121,20.90,50.00,975.50,7.10,7.73,8.91
17:31:36.254,20.90,50.00,975.56,6.52,7.37,11.62
17:31:36.388,20.90,50.00,976.18,7.15,7.73,11.32
17:31:36.521,20.90,50.00,975.49,7.25,8.18,11.26
17:31:36.687,20.90,50.00,975.55,7.25,7.77,11.14
17:31:36.820,20.90,50.00,975.71,7.46,7.67,11.69
17:31:36.953,20.90,50.00,975.54,7.25,7.90,11.62
17:31:37.120,20.90,50.00,975.50,7.41,7.63,11.62
17:31:37.254,20.90,50.00,975.43,7.23,7.63,11.32
17:31:37.387,20.90,50.00,975.49,6.84,7.17,11.81
17:31:37.520,20.90,50.00,975.52,7.25,7.60,11.81
17:31:37.653,20.90,50.00,975.38,6.87,7.67,11.62
17:31:37.820,20.90,50.00,975.46,7.15,7.60,11.56
17:31:37.986,20.60,49.00,975.49,7.28,7.40,12.51
17:31:38.119,20.60,49.00,975.44,6.97,7.37,11.26
17:31:38.253,20.60,49.00,975.54,7.23,7.47,12.71
17:31:38.385,20.60,49.00,975.58,7.15,7.43,10.84
17:31:38.552,20.60,49.00,976.11,6.69,7.30,10.09
17:31:38.685,20.60,49.00,975.51,7.28,6.73,11.38
17:31:38.819,20.60,49.00,975.64,7.10,7.53,11.38
17:31:38.952,20.60,49.00,975.54,6.92,7.50,11.50
17:31:39.118,20.60,49.00,975.54,6.59,7.67,11.44
17:31:39.252,20.60,49.00,975.52,6.79,7.53,11.75
17:31:39.385,20.60,49.00,975.58,6.97,7.57,11.44
17:31:39.519,20.60,49.00,975.57,6.97,7.47,11.02
17:31:39.652,20.60,49.00,975.50,6.94,6.58,10.15
17:31:39.785,20.60,49.00,975.48,7.07,7.67,11.14
17:31:39.918,20.60,49.00,975.44,7.10,7.50,11.02
17:31:40.084,21.00,49.00,975.59,7.10,7.40,10.78
17:31:40.217,21.00,49.00,975.66,6.97,7.50,11.32
17:31:40.351,21.00,49.00,975.62,7.10,7.60,11.56
17:31:40.484,21.00,49.00,975.70,6.82,7.47,11.50
17:31:40.617,21.00,49.00,975.50,6.97,7.60,11.62
17:31:40.784,21.00,49.00,975.61,7.10,7.53,11.81
17:31:40.917,21.00,49.00,975.64,7.10,7.37,11.38
17:31:41.050,21.00,49.00,975.68,6.94,7.67,11.44
17:31:41.183,21.00,49.00,975.61,6.47,7.43,10.90
17:31:41.316,21.00,49.00,976.08,6.35,7.53,9.17
17:31:41.449,21.00,49.00,975.44,6.72,7.37,11.20
17:31:41.582,21.00,49.00,975.61,6.52,7.40,11.26
17:31:41.716,21.00,49.00,975.39,6.82,7.57,11.44
17:31:41.849,21.00,49.00,975.48,5.33,7.30,11.26
17:31:41.982,21.00,49.00,975.66,6.30,7.47,11.38
17:31:42.150,21.10,48.00,975.46,6.64,7.40,13.31
17:31:42.283,21.10,48.00,975.60,6.52,7.53,11.38
17:31:42.416,21.10,48.00,975.59,6.77,7.40,11.38
17:31:42.682,21.10,48.00,975.49,6.64,7.50,11.50
17:31:42.816,21.10,48.00,975.74,5.57,7.37,11.44
17:31:42.982,21.10,48.00,975.60,6.26,7.34,10.38
17:31:43.115,21.10,48.00,975.61,7.12,7.34,11.26
17:31:43.248,21.10,48.00,975.60,6.97,7.47,11.02
17:31:43.381,21.10,48.00,975.48,6.89,7.37,10.96
17:31:43.515,21.10,48.00,975.56,7.02,7.47,11.69
17:31:43.648,21.10,48.00,975.61,7.12,7.40,11.62
17:31:43.781,21.10,48.00,975.59,7.38,7.57,11.62
17:31:43.914,21.10,48.00,975.61,7.05,7.63,12.25
17:31:44.047,21.10,48.00,975.62,6.99,7.34,11.62
17:31:44.214,21.10,47.00,975.72,7.10,7.63,11.62
17:31:44.347,21.10,47.00,976.29,6.00,8.36,11.50
17:31:44.481,21.10,47.00,975.73,6.35,7.50,11.94
17:31:44.647,21.10,47.00,975.72,6.11,7.05,11.56
17:31:44.780,21.10,47.00,975.74,6.92,7.67,11.62
17:31:44.914,21.10,47.00,975.66,6.54,7.53,11.75
17:31:45.080,21.10,47.00,975.67,6.79,7.53,11.69
17:31:45.213,21.10,47.00,975.61,6.79,7.60,11.02
17:31:45.346,21.10,47.00,975.62,6.59,7.57,12.00
17:31:45.480,21.10,47.00,976.28,6.72,7.21,10.96
17:31:45.613,21.10,47.00,975.62,6.87,7.50,11.62
17:31:45.746,21.10,47.00,975.73,6.64,7.50,11.02
17:31:45.880,21.10,47.00,975.58,6.72,7.40,11.38
17:31:46.013,21.10,47.00,975.62,6.92,7.60,11.20
17:31:46.146,21.10,47.00,975.64,6.47,7.57,11.26
17:31:46.313,21.10,47.00,976.15,7.10,7.70,11.81
17:31:46.446,21.10,47.00,975.72,6.21,7.60,11.62
17:31:46.579,21.10,47.00,975.70,6.28,7.40,11.38
17:31:46.712,21.10,47.00,975.50,6.84,7.43,11.75
17:31:46.878,21.10,47.00,975.67,6.79,7.77,11.38
17:31:47.011,21.10,47.00,975.56,6.64,7.90,11.44
17:31:47.144,21.10,47.00,975.54,6.89,7.53,11.32
17:31:47.278,21.10,47.00,975.63,7.05,7.53,11.56
17:31:47.411,21.10,47.00,976.21,6.16,7.63,11.81
17:31:47.580,21.10,47.00,975.61,7.17,7.60,11.56
17:31:47.680,21.10,47.00,975.58,7.15,7.47,11.50
17:31:47.813,21.10,47.00,975.70,7.12,7.47,11.32
17:31:47.947,21.10,47.00,975.61,6.79,7.60,10.20
17:31:48.113,21.10,47.00,975.62,7.41,7.37,11.26
17:31:48.280,21.10,47.00,975.45,5.46,7.57,11.75
17:31:48.413,21.00,46.00,975.93,7.76,7.50,11.44
17:31:48.579,21.00,46.00,975.54,7.44,7.80,11.26
17:31:48.679,21.00,46.00,975.51,6.99,7.57,11.08
17:31:48.812,21.00,46.00,975.57,6.92,7.57,11.32
17:31:48.978,21.00,46.00,975.56,6.26,7.67,11.50
17:31:49.078,21.00,46.00,975.62,6.99,7.40,11.50
17:31:49.245,21.00,46.00,975.54,5.72,7.24,11.26
17:31:49.378,21.00,46.00,975.64,6.97,7.37,11.32
17:31:49.511,21.00,46.00,975.51,7.10,7.63,10.90
17:31:49.645,21.00,46.00,975.56,7.10,7.43,11.38
17:31:49.778,21.00,46.00,975.62,6.94,7.37,11.20
17:31:49.911,21.00,46.00,975.40,6.74,7.30,11.44
17:31:50.044,21.00,46.00,975.46,6.94,7.30,10.84
17:31:50.210,21.00,46.00,975.40,7.07,7.50,12.00
17:31:50.510,21.10,45.00,975.55,7.15,7.37,10.90
17:31:50.643,21.10,45.00,975.60,6.35,7.34,11.08
17:31:50.777,21.10,45.00,975.49,6.42,7.60,11.14
17:31:50.909,21.10,45.00,975.53,6.72,8.15,11.20
17:31:51.076,21.10,45.00,975.43,6.74,7.37,10.84
17:31:51.209,21.10,45.00,975.64,6.14,7.53,11.62
17:31:51.342,21.10,45.00,975.43,6.57,7.43,11.14
17:31:51.475,21.10,45.00,976.14,6.82,7.43,11.08
17:31:51.641,21.10,45.00,975.46,6.74,7.17,10.78
17:31:51.774,21.10,45.00,975.36,6.57,7.21,11.38
17:31:51.907,21.10,45.00,975.58,6.62,7.27,11.62
17:31:52.040,21.10,45.00,975.42,6.52,7.37,11.26
17:31:52.207,21.10,45.00,975.43,7.20,7.34,11.20
17:31:52.340,21.10,45.00,976.17,6.69,7.40,11.02
17:31:52.507,21.10,45.00,975.39,6.54,7.24,10.55
17:31:52.640,21.10,45.00,975.48,6.69,8.25,10.84
17:31:52.906,21.10,45.00,975.52,6.79,8.46,11.38
17:31:53.039,21.10,45.00,975.53,6.69,7.34,10.96
17:31:53.172,21.10,45.00,975.53,6.69,7.14,11.08
17:31:53.339,21.10,45.00,975.49,6.40,7.17,10.96
17:31:53.472,21.10,45.00,975.41,6.74,7.27,11.08
17:31:53.606,21.10,45.00,975.46,6.72,7.27,10.90
17:31:53.739,21.10,45.00,975.44,6.45,7.17,10.90
17:31:53.872,21.10,45.00,975.47,6.59,7.30,11.32
17:31:54.038,21.10,45.00,975.43,6.62,7.30,10.78
17:31:54.171,21.10,45.00,975.41,7.98,7.27,11.32
17:31:54.304,21.10,45.00,975.38,4.95,7.27,10.90
17:31:54.437,21.10,45.00,975.34,6.97,7.30,10.84
17:31:54.604,20.70,43.00,975.44,6.72,7.21,10.84
17:31:54.770,20.70,43.00,975.55,6.69,7.27,10.78
17:31:54.903,20.70,43.00,975.42,6.74,7.34,10.49
17:31:55.036,20.70,43.00,975.52,6.64,7.11,10.96
17:31:55.169,20.70,43.00,975.49,6.54,7.21,9.87
17:31:55.335,20.70,43.00,976.20,6.62,7.24,10.84
17:31:55.468,20.70,43.00,975.47,6.72,7.37,11.02
17:31:55.601,20.70,43.00,975.47,6.72,7.34,11.08
17:31:55.734,20.70,43.00,975.48,6.42,7.11,10.84
17:31:55.868,20.70,43.00,975.40,6.52,7.21,10.84
17:31:56.034,20.70,43.00,975.45,6.40,6.21,10.84
17:31:56.167,20.70,43.00,975.50,6.77,7.11,8.75
17:31:56.301,20.70,43.00,975.50,6.62,7.14,11.02
17:31:56.433,20.70,43.00,976.34,6.64,7.27,10.84
17:31:56.600,20.70,43.00,975.39,6.64,7.11,11.26
17:31:56.767,21.20,44.00,975.53,6.77,7.27,10.84
17:31:56.900,21.20,44.00,975.52,6.30,7.14,10.66
17:31:57.033,21.20,44.00,975.65,6.64,7.27,10.66
17:31:57.166,21.20,44.00,975.58,6.64,7.21,10.90
17:31:57.299,21.20,44.00,976.29,6.40,7.30,10.90
17:31:57.565,21.20,44.00,975.47,6.57,7.08,10.84
17:31:57.699,21.20,44.00,975.44,6.62,7.34,7.49
17:31:57.865,21.20,44.00,975.50,6.67,7.05,10.84
17:31:57.998,21.20,44.00,975.42,6.67,6.27,10.78
17:31:58.131,21.20,44.00,975.44,6.59,7.14,10.38
17:31:58.265,21.20,44.00,975.51,6.23,7.08,10.72
17:31:58.398,21.20,44.00,975.46,6.35,7.17,10.72
17:31:58.665,21.20,44.00,975.39,6.82,7.30,10.90
17:31:58.831,21.20,43.00,975.48,6.94,7.11,10.66
17:31:59.098,21.20,43.00,975.40,6.99,7.50,11.08
17:31:59.232,21.20,43.00,975.42,6.92,7.21,11.26
17:31:59.365,21.20,43.00,975.47,5.28,7.08,10.66
17:31:59.532,21.20,43.00,975.30,7.54,7.73,10.61
17:31:59.665,21.20,43.00,975.28,6.82,7.27,10.66
17:31:59.798,21.20,43.00,975.44,6.69,7.34,12.13
17:31:59.931,21.20,43.00,975.38,6.87,8.11,10.78
17:32:00.064,21.20,43.00,975.41,6.74,7.34,10.78
17:32:00.230,21.20,43.00,975.30,6.82,7.11,10.96
17:32:00.363,21.20,43.00,975.26,6.77,7.11,11.02
17:32:00.496,21.20,43.00,975.38,7.05,7.53,12.13
17:32:00.629,21.20,43.00,975.40,6.92,7.70,12.00
17:32:00.796,21.20,43.00,975.42,6.92,7.70,11.81
17:32:00.929,21.30,55.00,975.28,6.54,6.61,11.81
17:32:01.095,21.30,55.00,975.42,7.68,7.87,9.59
17:32:01.228,21.30,55.00,975.44,7.05,7.70,12.00
17:32:01.361,21.30,55.00,975.65,7.12,7.84,11.32
17:32:01.494,21.30,55.00,975.56,7.25,7.73,12.13
17:32:01.660,21.30,55.00,975.51,7.20,7.77,11.50
17:32:01.793,21.30,55.00,975.62,7.20,7.80,11.56
17:32:01.927,21.30,55.00,975.46,7.25,7.60,11.69
17:32:02.060,21.30,55.00,975.49,7.25,7.60,11.62
17:32:02.193,21.30,55.00,975.39,7.25,7.60,11.81
17:32:02.360,21.30,55.00,975.46,7.31,7.63,11.56
17:32:02.493,21.30,55.00,976.08,6.84,7.43,11.56
17:32:02.627,21.30,55.00,975.61,7.20,7.43,11.32
17:32:02.760,21.30,55.00,975.49,6.97,6.92,11.56
17:32:02.927,21.30,55.00,975.56,6.92,7.47,11.38
17:32:03.060,21.40,64.00,975.30,7.31,7.57,11.50
17:32:03.260,21.40,64.00,975.62,6.97,7.77,11.32
17:32:03.527,21.40,64.00,975.52,7.07,6.89,11.69
17:32:03.660,21.40,64.00,975.62,7.07,7.57,11.44
17:32:03.826,21.40,64.00,975.45,7.12,7.47,11.75
17:32:03.959,21.40,64.00,975.49,6.89,7.57,11.44
17:32:04.092,21.40,64.00,975.48,5.20,7.50,11.20
17:32:04.225,21.40,64.00,975.46,6.99,7.47,11.75
17:32:04.358,21.40,64.00,975.50,6.89,7.60,9.76
17:32:04.625,21.40,64.00,975.52,6.99,7.97,10.84
17:32:04.791,21.40,64.00,975.49,7.07,7.43,11.94
17:32:04.925,21.40,64.00,975.39,7.17,7.43,11.26
17:32:05.091,21.40,60.00,975.47,5.75,7.43,11.14
17:32:05.225,21.40,60.00,976.12,7.05,7.43,11.02
17:32:05.358,21.40,60.00,975.59,7.10,7.43,11.50
17:32:05.491,21.40,60.00,975.51,6.79,7.43,11.44
17:32:05.657,21.40,60.00,975.56,6.89,7.63,11.81
17:32:05.791,21.40,60.00,975.53,7.02,7.27,11.20
17:32:05.924,21.40,60.00,975.51,7.10,7.37,10.84
17:32:06.057,21.40,60.00,975.51,6.50,8.01,11.14
17:32:06.224,21.40,60.00,975.53,6.94,6.64,11.02
17:32:06.357,21.40,60.00,976.18,6.77,7.50,8.10
17:32:06.490,21.40,60.00,975.43,7.02,7.37,10.90
17:32:06.623,21.40,60.00,975.45,6.97,7.43,11.38
17:32:06.790,21.40,60.00,975.53,6.89,7.53,11.26
17:32:06.923,21.40,60.00,975.43,7.17,7.50,11.20
17:32:07.089,21.50,57.00,975.44,6.94,7.63,11.08
17:32:07.222,21.50,57.00,975.46,6.82,7.30,11.08
17:32:07.355,21.50,57.00,975.57,6.94,6.92,11.20
17:32:07.521,21.50,57.00,975.47,6.77,7.47,11.08
17:32:07.654,21.50,57.00,975.48,6.69,7.17,12.06
17:32:07.787,21.50,57.00,975.39,6.69,5.98,11.26
17:32:07.921,21.50,57.00,975.40,7.10,7.34,11.56
17:32:08.087,21.50,57.00,975.64,5.77,7.34,10.78
17:32:08.220,21.50,57.00,975.48,7.05,7.21,11.08
17:32:08.354,21.50,57.00,975.49,6.94,7.37,11.02
17:32:08.487,21.50,57.00,975.47,6.99,7.24,11.02
17:32:08.654,21.50,57.00,975.46,7.12,7.30,11.50
17:32:08.787,21.50,57.00,975.46,6.74,7.34,11.26
17:32:08.954,21.50,57.00,975.44,7.07,7.27,11.20
17:32:09.120,21.50,54.00,975.45,6.99,7.50,11.26
17:32:09.253,21.50,54.00,975.41,6.97,7.27,10.90
17:32:09.386,21.50,54.00,976.35,6.89,7.37,11.08
17:32:09.520,21.50,54.00,975.52,6.74,7.34,11.08
17:32:09.686,21.50,54.00,975.48,6.59,7.30,11.08
17:32:09.819,21.50,54.00,975.44,6.82,7.30,10.84
17:32:09.952,21.50,54.00,975.51,6.89,7.34,11.50
17:32:10.086,21.50,54.00,975.53,6.72,7.27,10.90
17:32:10.252,21.50,54.00,975.46,6.74,7.27,10.84
17:32:10.386,21.50,54.00,975.40,6.69,7.43,10.90
17:32:10.519,21.50,54.00,975.55,6.45,7.67,10.61
17:32:10.652,21.50,54.00,975.39,6.79,6.33,10.96
17:32:10.818,21.50,54.00,975.46,6.57,7.34,10.90
17:32:10.951,21.50,54.00,975.41,6.62,7.34,10.78
17:32:11.118,21.50,52.00,975.36,6.79,7.43,11.02
17:32:11.251,21.50,52.00,976.26,6.40,7.87,10.84
17:32:11.417,21.50,52.00,975.60,6.92,6.24,11.32
17:32:11.550,21.50,52.00,975.45,7.02,7.30,11.02
17:32:11.683,21.50,52.00,975.52,7.07,7.30,10.55
17:32:11.849,21.50,52.00,975.51,6.89,7.24,11.02
17:32:11.982,21.50,52.00,975.56,7.05,7.24,10.61
17:32:12.115,21.50,52.00,975.45,6.67,7.30,11.14
17:32:12.248,21.50,52.00,975.42,6.62,7.21,11.02
17:32:12.415,21.50,52.00,975.50,7.20,7.53,10.96
17:32:12.548,21.50,52.00,975.41,4.95,7.30,13.37
17:32:12.681,21.50,52.00,975.47,6.59,7.21,10.72
17:32:12.814,21.50,52.00,975.50,6.35,7.21,10.84
17:32:12.980,21.50,52.00,975.50,6.37,7.11,10.38
17:32:13.147,21.50,51.00,975.54,6.57,7.14,13.58
17:32:13.280,21.50,51.00,975.58,6.64,7.24,10.96
17:32:13.413,21.50,51.00,975.47,6.40,7.30,10.78
17:32:13.546,21.50,51.00,975.52,6.57,7.11,10.90
17:32:13.712,21.50,51.00,975.64,6.59,7.08,10.78
17:32:13.845,21.50,51.00,975.49,6.64,7.34,11.20
17:32:13.978,21.50,51.00,975.60,6.62,6.07,10.78
17:32:14.111,21.50,51.00,975.56,6.18,7.21,10.04
17:32:14.278,21.50,51.00,975.50,6.77,6.52,10.61
17:32:14.411,21.50,51.00,975.46,6.11,7.11,10.66
17:32:14.545,21.50,51.00,975.43,7.07,7.30,10.61
17:32:14.678,21.50,51.00,975.46,6.79,7.14,10.72
17:32:14.845,21.50,51.00,975.44,7.25,7.21,10.84
17:32:14.978,21.50,51.00,975.46,6.47,7.21,10.38
17:32:15.111,21.50,51.00,975.47,6.74,7.21,10.61
17:32:15.277,21.50,49.00,975.37,6.67,7.17,10.72
17:32:15.411,21.50,49.00,975.55,6.57,7.17,11.20
17:32:15.544,21.50,49.00,975.57,6.84,7.30,10.66
17:32:15.710,21.50,49.00,975.46,6.21,7.21,10.78
17:32:15.844,21.50,49.00,975.48,6.69,7.21,10.96
17:32:15.977,21.50,49.00,975.46,6.67,7.30,10.90
17:32:16.143,21.50,49.00,975.52,6.50,6.13,10.90
17:32:16.276,21.50,49.00,975.76,6.54,7.08,10.55
17:32:16.410,21.50,49.00,975.50,5.26,7.53,10.78
17:32:16.543,21.50,49.00,975.40,6.54,7.24,10.66
17:32:16.709,21.50,49.00,975.43,6.45,7.17,10.78
17:32:16.842,21.50,49.00,975.46,6.47,7.11,10.96
17:32:16.975,21.50,49.00,975.43,5.81,7.30,10.61
17:32:17.108,21.50,49.00,975.52,6.52,7.17,10.66
17:32:17.275,21.60,49.00,975.47,4.65,7.24,11.02
17:32:17.408,21.60,49.00,975.53,6.54,7.37,10.61
17:32:17.575,21.60,49.00,975.55,6.67,7.17,10.90
17:32:17.708,21.60,49.00,975.54,6.54,8.08,10.66
17:32:17.841,21.60,49.00,975.40,6.72,6.92,11.02
17:32:17.974,21.60,49.00,975.54,4.93,7.14,11.02
17:32:18.140,21.60,49.00,975.47,6.37,7.53,10.20
17:32:18.273,21.60,49.00,975.56,6.62,7.30,10.78
17:32:18.406,21.60,49.00,975.48,6.62,7.14,10.96
17:32:18.539,21.60,49.00,975.48,6.82,7.05,10.84
17:32:18.705,21.60,49.00,975.40,6.59,7.21,10.96
17:32:18.839,21.60,49.00,975.41,5.95,7.01,11.38
17:32:18.972,21.60,49.00,975.46,6.30,7.17,10.90
17:32:19.105,21.60,49.00,975.48,6.42,7.21,10.55
17:32:19.272,21.60,48.00,976.17,6.45,7.11,11.14
17:32:19.438,21.60,48.00,975.49,6.47,7.17,9.49
17:32:19.572,21.60,48.00,975.49,6.54,7.17,10.72
17:32:19.705,21.60,48.00,975.48,6.62,7.11,11.14
17:32:19.838,21.60,48.00,975.53,6.74,5.18,10.90
17:32:20.004,21.60,48.00,975.41,6.54,7.21,10.78
17:32:20.137,21.60,48.00,975.43,6.62,7.08,10.78
17:32:20.271,21.60,48.00,975.51,6.42,7.11,10.43
17:32:20.437,21.60,48.00,975.45,6.35,7.21,10.78
17:32:20.570,21.60,48.00,975.47,6.54,7.21,7.68
17:32:20.703,21.60,48.00,975.42,6.30,7.21,10.78
17:32:20.836,21.60,48.00,975.46,6.57,7.14,10.55
17:32:21.002,21.60,48.00,975.48,6.64,7.27,10.26
17:32:21.135,21.60,48.00,975.50,6.28,7.87,10.66
17:32:21.301,21.60,48.00,975.53,6.74,7.27,10.61
17:32:21.434,21.60,48.00,975.53,6.67,7.17,11.44
17:32:21.568,21.60,48.00,975.45,6.54,6.95,10.72
17:32:21.734,21.60,48.00,975.49,6.64,7.17,11.32
17:32:21.867,21.60,48.00,975.54,6.54,7.24,10.84
17:32:22.001,21.60,48.00,975.54,6.35,7.14,11.81
17:32:22.134,21.60,48.00,975.34,6.40,7.24,10.55
17:32:22.267,21.60,48.00,975.99,6.37,7.08,10.78
17:32:22.400,21.60,48.00,975.39,6.57,7.11,10.90
17:32:22.533,21.60,48.00,975.44,6.50,7.27,9.81
17:32:22.666,21.60,48.00,975.41,6.54,7.17,10.78
17:32:22.799,21.60,48.00,975.57,6.52,7.17,11.08
17:32:22.932,21.60,48.00,975.40,6.50,7.34,10.96
17:32:23.166,21.60,48.00,975.55,4.49,7.27,11.69
17:32:23.332,21.60,47.00,975.56,6.94,7.73,11.56
17:32:23.532,21.60,47.00,975.50,5.03,7.43,11.44
17:32:23.765,21.60,47.00,975.49,4.87,7.63,12.06
17:32:24.032,21.60,47.00,975.47,5.41,7.67,11.81
17:32:24.265,21.60,47.00,975.57,5.54,7.80,12.19
17:32:24.498,21.60,47.00,975.50,5.37,8.01,12.25
17:32:24.731,21.60,47.00,975.50,5.28,8.01,12.25
17:32:24.865,21.60,47.00,975.47,7.05,8.22,12.38
17:32:24.998,21.60,47.00,975.42,7.07,8.01,12.19
17:32:25.132,21.60,47.00,975.45,6.67,8.08,12.45
17:32:25.365,21.60,46.00,975.43,5.46,8.11,12.64
17:32:25.598,21.60,46.00,975.47,5.54,8.15,12.45
17:32:25.731,21.60,46.00,975.53,7.31,8.18,12.45
17:32:25.865,21.60,46.00,975.46,6.84,8.18,13.10
17:32:25.998,21.60,46.00,975.50,7.17,8.29,12.71
17:32:26.131,21.60,46.00,975.53,7.20,8.22,13.04
17:32:26.264,21.60,46.00,975.44,7.25,7.84,12.71
17:32:26.397,21.60,46.00,975.48,7.17,8.39,10.66
17:32:26.530,21.60,46.00,975.54,7.23,8.22,12.84
17:32:26.663,21.60,46.00,975.48,8.09,8.32,12.71
17:32:26.796,21.60,46.00,975.44,7.92,8.43,12.58
17:32:26.929,21.60,46.00,975.40,8.03,8.25,12.84
17:32:27.096,21.60,46.00,975.39,7.92,8.22,12.64
17:32:27.229,21.60,46.00,975.55,7.87,8.50,12.84
17:32:27.395,21.70,46.00,975.38,7.90,8.29,12.97
17:32:27.529,21.70,46.00,975.49,7.65,8.57,12.97
17:32:27.662,21.70,46.00,975.52,8.20,8.22,12.51
17:32:27.795,21.70,46.00,975.49,7.54,8.25,12.90
17:32:27.962,21.70,46.00,975.49,7.65,8.18,12.58
17:32:28.096,21.70,46.00,975.39,7.38,8.18,12.51
17:32:28.229,21.70,46.00,975.46,7.68,7.97,12.58
17:32:28.362,21.70,46.00,975.43,7.33,8.08,12.45
17:32:28.528,21.70,46.00,975.53,7.36,8.04,8.70
17:32:28.661,21.70,46.00,975.51,7.25,6.10,12.32
17:32:28.827,21.70,46.00,975.51,6.87,7.97,15.29
17:32:28.961,21.70,46.00,975.46,7.20,8.18,12.45
17:32:29.093,21.70,46.00,975.51,7.17,7.97,12.84
17:32:29.227,21.70,46.00,975.38,7.17,7.94,12.13
17:32:29.393,21.60,45.00,975.68,7.15,8.01,12.32
17:32:29.526,21.60,45.00,975.47,6.92,8.08,12.32
17:32:29.692,21.60,45.00,975.59,7.23,8.01,12.32
17:32:29.825,21.60,45.00,975.49,5.01,8.01,12.71
17:32:29.959,21.60,45.00,975.56,7.28,8.04,12.32
17:32:30.092,21.60,45.00,975.59,7.20,7.94,12.19
17:32:30.225,21.60,45.00,976.13,7.20,7.87,12.32
17:32:30.392,21.60,45.00,975.64,7.15,6.27,12.32
17:32:30.525,21.60,45.00,975.63,7.12,8.01,12.32
17:32:30.658,21.60,45.00,975.47,7.12,7.94,12.19
17:32:30.791,21.60,45.00,975.44,7.12,8.01,12.32
17:32:30.924,21.60,45.00,975.56,7.20,8.04,12.51
17:32:31.091,21.60,45.00,975.55,7.15,7.97,12.64
17:32:31.224,21.60,45.00,975.46,6.99,7.90,12.00
17:32:31.357,21.60,45.00,975.57,7.10,7.84,12.19
17:32:31.523,21.60,44.00,975.42,7.38,8.08,11.38
17:32:31.656,21.60,44.00,975.51,7.31,7.27,12.19
17:32:31.789,21.60,44.00,975.41,7.49,7.70,12.38
17:32:31.922,21.60,44.00,975.51,7.41,8.22,11.94
17:32:32.088,21.60,44.00,975.61,7.46,7.77,12.25
17:32:32.221,21.60,44.00,976.06,7.65,7.84,12.06
17:32:32.354,21.60,44.00,975.47,5.18,7.40,12.00
17:32:32.487,21.60,44.00,975.46,7.23,7.90,12.13
17:32:32.653,21.60,44.00,975.44,7.46,7.87,11.87
17:32:32.786,21.60,44.00,975.36,7.81,7.90,12.32
17:32:32.919,21.60,44.00,975.42,7.36,7.84,11.81
17:32:33.052,21.60,44.00,975.46,7.28,7.63,12.19
17:32:33.185,21.60,44.00,975.50,5.79,7.84,11.56
17:32:33.351,21.60,44.00,975.54,7.46,7.84,11.81
17:32:33.484,21.60,44.00,975.57,7.10,7.40,12.25
17:32:33.718,23.00,45.00,975.40,5.54,7.05,12.00
17:32:33.851,23.00,45.00,975.53,6.79,7.90,11.44
17:32:33.985,23.00,45.00,975.59,7.05,7.73,11.75
17:32:34.118,23.00,45.00,975.45,7.28,7.53,11.94
17:32:34.251,23.00,45.00,975.59,7.44,7.67,11.56
17:32:34.384,23.00,45.00,975.72,7.12,7.57,11.81
17:32:34.517,23.00,45.00,975.56,7.79,7.47,11.87
17:32:34.683,23.00,45.00,975.56,7.02,7.80,12.25
17:32:34.817,23.00,45.00,975.39,6.97,7.70,11.69
17:32:34.950,23.00,45.00,975.62,6.89,7.57,11.87
17:32:35.083,23.00,45.00,975.36,6.89,7.90,11.94
17:32:35.216,23.00,45.00,976.01,6.94,7.90,11.69
17:32:35.382,23.00,45.00,975.37,6.87,7.67,11.26
17:32:35.516,23.00,45.00,975.37,6.99,7.60,11.94
17:32:35.649,23.00,45.00,975.47,6.97,7.47,11.87
17:32:35.815,21.60,43.00,975.39,6.92,7.70,11.75
17:32:35.948,21.60,43.00,975.54,6.37,7.77,11.20
17:32:36.114,21.60,43.00,975.44,5.33,7.34,11.50
17:32:36.247,21.60,43.00,975.54,7.07,7.77,11.62
17:32:36.380,21.60,43.00,975.50,6.92,7.84,11.38
17:32:36.513,21.60,43.00,975.32,6.94,6.04,12.32
17:32:36.680,21.60,43.00,975.43,7.20,5.23,11.56
17:32:36.813,21.60,43.00,975.48,6.79,7.73,12.00
17:32:36.946,21.60,43.00,975.47,5.22,7.90,11.87
17:32:37.080,21.60,43.00,975.53,6.77,7.27,12.32
17:32:37.213,21.60,43.00,975.41,6.89,7.80,11.56
17:32:37.379,21.60,43.00,975.40,6.89,7.70,11.26
17:32:37.513,21.60,43.00,975.51,6.89,7.60,11.56
17:32:37.646,21.60,43.00,975.52,6.64,7.73,11.32
17:32:37.779,21.60,43.00,975.42,7.23,7.60,11.08
17:32:37.946,21.70,43.00,975.40,7.07,7.53,12.06
17:32:38.078,21.70,43.00,975.54,7.10,7.70,11.50
17:32:38.245,21.70,43.00,976.22,7.17,7.60,11.14
17:32:38.378,21.70,43.00,975.53,7.28,7.43,11.56
17:32:38.511,21.70,43.00,975.63,7.20,7.80,11.32
17:32:38.677,21.70,43.00,975.48,7.17,7.63,10.43
17:32:38.843,21.70,43.00,975.44,7.33,7.37,11.75
17:32:38.976,21.70,43.00,975.58,7.28,7.53,11.20
17:32:39.110,21.70,43.00,975.45,7.15,7.50,11.32
17:32:39.243,21.70,43.00,975.42,6.45,7.60,11.26
17:32:39.509,21.70,43.00,975.36,6.77,7.40,11.26
17:32:39.642,21.70,43.00,975.40,6.42,7.53,12.64
17:32:39.775,21.70,43.00,975.42,6.99,7.50,11.69
17:32:39.908,21.70,43.00,975.39,6.77,7.40,11.87
17:32:40.074,21.70,42.00,975.44,6.82,7.53,11.32
17:32:40.241,21.70,42.00,975.56,6.82,7.17,11.02
17:32:40.374,21.70,42.00,975.47,6.87,7.34,8.10
17:32:40.507,21.70,42.00,975.41,6.69,7.60,11.38
17:32:40.640,21.70,42.00,975.51,6.82,7.67,11.02
17:32:40.807,21.70,42.00,975.48,6.84,7.47,11.26
17:32:40.940,21.70,42.00,975.48,5.84,7.57,11.44
17:32:41.073,21.70,42.00,975.47,6.99,7.17,11.62
17:32:41.206,21.70,42.00,976.04,7.31,7.57,11.26
17:32:41.372,21.70,42.00,975.33,7.05,7.73,11.44
17:32:41.505,21.70,42.00,975.29,6.99,7.70,11.32
17:32:41.638,21.70,42.00,975.39,7.20,7.17,11.32
17:32:41.772,21.70,42.00,975.41,5.70,7.50,12.06
17:32:41.905,21.70,42.00,975.47,7.12,7.34,7.44
17:32:42.071,21.70,42.00,975.49,6.99,7.43,11.14
17:32:42.237,21.60,42.00,975.41,7.05,7.30,11.32
17:32:42.370,21.60,42.00,975.52,7.10,7.53,11.14
17:32:42.504,21.60,42.00,975.62,6.89,7.34,11.32
17:32:42.637,21.60,42.00,975.53,6.77,7.50,13.72
17:32:42.871,21.60,42.00,975.54,6.77,7.30,11.32
17:32:43.004,21.60,42.00,975.55,6.23,7.67,11.44
17:32:43.137,21.60,42.00,976.11,6.87,7.27,7.86
17:32:43.303,21.60,42.00,975.46,6.37,7.63,11.38
17:32:43.436,21.60,42.00,975.50,6.87,7.27,10.72
17:32:43.603,21.60,42.00,975.46,6.82,7.30,11.26
17:32:43.969,21.60,42.00,975.46,6.54,7.30,11.02
17:32:44.235,21.70,41.00,975.46,6.79,7.57,10.84
17:32:44.502,21.70,41.00,975.51,6.69,7.40,11.14
17:32:44.702,21.70,41.00,975.51,6.40,7.27,11.32
17:32:44.835,21.70,41.00,975.57,6.30,7.63,11.02
17:32:44.968,21.70,41.00,975.49,6.72,7.05,10.90
17:32:45.101,21.70,41.00,976.23,6.67,7.60,10.32
17:32:45.234,21.70,41.00,975.46,6.57,7.27,11.26
17:32:45.367,21.70,41.00,975.63,6.87,7.34,10.96
17:32:45.500,21.70,41.00,975.40,6.37,7.27,11.26
17:32:45.633,21.70,41.00,975.51,6.47,7.30,11.75
17:32:45.766,21.70,41.00,975.44,7.52,7.47,11.81
17:32:46.033,21.70,41.00,975.45,7.23,7.30,11.56
17:32:46.166,21.70,41.00,975.55,7.07,7.37,11.26
17:32:46.332,21.60,41.00,975.47,7.33,7.34,11.02
17:32:46.465,21.60,41.00,975.43,7.44,7.37,10.84
17:32:46.598,21.60,41.00,975.53,7.20,7.24,11.38
17:32:46.732,21.60,41.00,975.44,6.87,7.40,11.02
17:32:46.865,21.60,41.00,975.48,7.17,7.34,11.14
17:32:46.998,21.60,41.00,975.48,7.38,7.14,11.75
17:32:47.165,21.60,41.00,975.47,6.67,7.53,10.55
17:32:47.298,21.60,41.00,975.62,6.57,7.30,11.38
17:32:47.431,21.60,41.00,975.49,6.62,7.40,11.02
17:32:47.697,21.60,41.00,975.45,6.64,7.27,11.20
17:32:47.831,21.60,41.00,975.42,6.74,7.43,10.84
17:32:47.964,21.60,41.00,975.42,6.74,6.70,11.32
17:32:48.130,21.60,41.00,976.10,6.64,7.17,11.32
17:32:48.330,21.60,40.00,975.48,6.21,7.37,10.72
17:32:48.464,21.60,40.00,975.43,6.47,7.08,11.02
17:32:48.630,21.60,40.00,975.61,6.64,7.50,10.96
17:32:48.763,21.60,40.00,975.49,6.64,7.30,11.32
17:32:48.897,21.60,40.00,975.62,6.69,7.27,10.90
17:32:49.031,21.60,40.00,975.48,6.42,7.37,11.38
17:32:49.164,21.60,40.00,975.48,6.79,7.27,10.90
17:32:49.397,21.60,40.00,975.47,6.59,7.47,11.02
17:32:49.530,21.60,40.00,975.41,6.59,7.27,10.66
17:32:49.664,21.60,40.00,975.57,6.50,6.52,10.55
17:32:49.797,21.60,40.00,975.45,6.47,7.01,11.87
17:32:49.964,21.60,40.00,975.47,6.64,7.11,10.84
17:32:50.097,21.60,40.00,975.40,6.45,7.40,11.02
17:32:50.230,21.60,40.00,975.50,6.67,7.27,10.90
17:32:50.397,21.80,40.00,975.45,6.94,7.14,10.90
17:32:50.531,21.80,40.00,975.38,6.84,7.30,10.72
17:32:50.664,21.80,40.00,975.36,6.87,7.27,11.08
17:32:50.797,21.80,40.00,975.45,7.10,7.37,11.02
17:32:50.964,21.80,40.00,975.47,6.87,7.43,10.96
17:32:51.097,21.80,40.00,975.47,7.02,7.24,11.08
17:32:51.231,21.80,40.00,975.46,6.94,7.30,11.02
17:32:51.464,21.80,40.00,975.47,6.84,7.40,10.90
17:32:51.697,21.80,40.00,975.42,6.79,7.24,11.08
17:32:51.930,21.80,40.00,975.52,6.37,7.30,10.90
17:32:52.063,21.80,40.00,975.51,6.37,7.37,10.55
17:32:52.297,21.80,40.00,975.34,6.62,7.27,10.20
17:32:52.463,21.70,40.00,975.58,6.35,7.30,10.84
17:32:52.596,21.70,40.00,975.45,6.57,7.21,10.90
17:32:52.729,21.70,40.00,975.50,6.74,7.30,10.90
17:32:52.863,21.70,40.00,975.57,6.74,7.34,10.96
17:32:52.996,21.70,40.00,975.56,6.72,7.01,11.08
17:32:53.129,21.70,40.00,975.62,6.79,7.11,10.90
17:32:53.262,21.70,40.00,975.49,7.02,7.34,11.02
17:32:53.395,21.70,40.00,975.44,6.67,7.21,10.84
17:32:53.528,21.70,40.00,975.47,6.72,6.52,10.96
17:32:53.661,21.70,40.00,975.46,6.67,7.30,10.96
17:32:53.794,21.70,40.00,975.48,6.64,7.43,10.78
17:32:53.927,21.70,40.00,975.43,6.69,7.27,10.84
17:32:54.094,21.70,40.00,975.48,6.72,7.43,10.84
17:32:54.227,21.70,40.00,975.45,6.59,7.90,11.38
17:32:54.394,21.70,40.00,975.40,6.72,7.17,10.78
17:32:54.560,21.70,40.00,975.54,6.59,7.17,11.08
17:32:54.694,21.70,40.00,975.60,6.64,7.27,10.90
17:32:54.827,21.70,40.00,975.53,6.72,7.34,11.14
17:32:54.960,21.70,40.00,975.47,6.09,7.63,10.09
17:32:55.094,21.70,40.00,975.48,6.67,7.37,10.49
17:32:55.227,21.70,40.00,976.15,6.67,7.30,10.72
17:32:55.427,21.70,40.00,975.38,6.69,7.24,10.84
17:32:55.593,21.70,40.00,975.48,6.62,7.17,10.49
17:32:55.726,21.70,40.00,975.58,6.47,7.24,11.14
17:32:55.859,21.70,40.00,975.37,6.67,7.11,11.08
17:32:55.992,21.70,40.00,975.48,6.64,7.14,10.84
17:32:56.125,21.70,40.00,976.05,6.40,7.11,10.96
17:32:56.258,21.70,40.00,975.43,6.62,7.70,10.84
17:32:56.392,21.70,40.00,975.54,6.62,7.43,10.49
17:32:56.691,21.80,39.00,975.52,6.37,7.47,10.84
17:32:56.824,21.80,39.00,975.68,6.67,7.08,10.66
17:32:57.024,21.80,39.00,975.47,6.82,7.24,11.02
17:32:57.158,21.80,39.00,976.13,6.40,6.98,11.08
17:32:57.324,21.80,39.00,975.46,6.72,7.11,11.20
17:32:57.457,21.80,39.00,975.52,6.72,7.17,12.06
17:32:57.623,21.80,39.00,975.41,6.82,7.34,11.50
17:32:57.757,21.80,39.00,975.49,6.62,7.57,11.26
17:32:57.890,21.80,39.00,975.46,6.50,6.95,10.72
17:32:58.056,21.80,39.00,976.21,6.59,5.87,10.78
17:32:58.189,21.80,39.00,975.50,6.87,7.08,10.72
17:32:58.323,21.80,39.00,975.49,6.92,7.17,10.26
17:32:58.456,21.80,39.00,975.47,7.20,7.21,10.78
17:32:58.722,21.70,39.00,975.51,6.84,7.11,11.44
17:32:58.889,21.70,39.00,975.52,6.94,7.11,10.78
17:32:59.055,21.70,39.00,975.54,6.87,7.30,11.02
17:32:59.321,21.70,39.00,975.42,6.59,7.37,11.08
17:32:59.555,21.70,39.00,975.58,6.89,7.27,11.08
17:32:59.721,21.70,39.00,975.44,6.64,7.30,11.56
17:32:59.855,21.70,39.00,975.58,6.89,7.27,11.20
17:32:59.987,21.70,39.00,975.51,6.14,7.63,10.96
17:33:00.121,21.70,39.00,975.50,6.16,7.17,10.72
